onset	duration	trial_type	value	sample
11.5	4.0	up_slow_far	15	5750
20.326	4.0	left_slow_far	7	10163
31.688	4.0	left_slow_near	8	15844
38.66	4.0	up_slow_near	16	19330
48.338	4.0	down_slow_far	3	24169
58.196	4.0	right_slow_far	11	29098
69.408	4.0	left_fast_far	5	34704
75.264	4.0	up_fast_far	13	37632
83.072	4.0	up_fast_near	14	41536
88.194	4.0	left_fast_near	6	44097
95.35	4.0	right_fast_far	9	47675
101.156	4.0	down_fast_far	1	50578
108.846	4.0	down_fast_far	1	54423
114.27	4.0	right_fast_far	9	57135
121.76	4.0	up_slow_near	16	60880
128.566	4.0	left_slow_near	8	64283
138.226	4.0	right_slow_far	11	69113
147.602	4.0	down_slow_far	3	73801
158.714	4.0	down_fast_near	2	79357
163.334	4.0	right_fast_near	10	81667
170.542	4.0	right_fast_near	10	85271
175.696	4.0	down_fast_near	2	87848
183.088	4.0	left_fast_near	6	91544
188.392	4.0	up_fast_near	14	94196
195.6	4.0	up_fast_far	13	97800
201.538	4.0	left_fast_far	5	100769
209.48	4.0	left_slow_far	7	104740
217.906	4.0	up_slow_far	15	108953
230.55	4.0	right_slow_near	12	115275
236.974	4.0	down_slow_near	4	118487
245.166	4.0	down_slow_near	4	122583
251.806	4.0	right_slow_near	12	125903
360.012	4.0	up_slow_far	15	180006
369.772	4.0	left_slow_far	7	184886
381.868	4.0	left_slow_near	8	190934
388.924	4.0	up_slow_near	16	194462
398.868	4.0	down_slow_far	3	199434
408.628	4.0	right_slow_far	11	204314
420.306	4.0	left_fast_far	5	210153
426.962	4.0	up_fast_far	13	213481
435.654	4.0	up_fast_near	14	217827
440.676	4.0	left_fast_near	6	220338
448.234	4.0	right_fast_far	9	224117
454.288	4.0	down_fast_far	1	227144
462.414	4.0	down_fast_far	1	231207
468.536	4.0	right_fast_far	9	234268
476.244	4.0	up_slow_near	16	238122
482.884	4.0	left_slow_near	8	241442
492.194	4.0	right_slow_far	11	246097
502.002	4.0	down_slow_far	3	251001
513.298	4.0	down_fast_near	2	256649
518.402	4.0	right_fast_near	10	259201
525.594	4.0	right_fast_near	10	262797
530.582	4.0	down_fast_near	2	265291
537.438	4.0	left_fast_near	6	268719
542.644	4.0	up_fast_near	14	271322
549.616	4.0	up_fast_far	13	274808
555.556	4.0	left_fast_far	5	277778
563.58	4.0	left_slow_far	7	281790
572.172	4.0	up_slow_far	15	286086
583.066	4.0	right_slow_near	12	291533
589.656	4.0	down_slow_near	4	294828
598.566	4.0	down_slow_near	4	299283
605.322	4.0	right_slow_near	12	302661
620.638	4.0	up_slow_far	15	310319
629.646	4.0	left_slow_far	7	314823
641.208	4.0	left_slow_near	8	320604
648.214	4.0	up_slow_near	16	324107
657.106	4.0	down_slow_far	3	328553
666.366	4.0	right_slow_far	11	333183
676.792	4.0	left_fast_far	5	338396
690.606	4.0	up_fast_near	14	345303
696.162	4.0	left_fast_near	6	348081
703.436	4.0	right_fast_far	9	351718
709.658	4.0	down_fast_far	1	354829
717.482	4.0	down_fast_far	1	358741
723.372	4.0	right_fast_far	9	361686
731.146	4.0	up_slow_near	16	365573
737.97	4.0	left_slow_near	8	368985
746.612	4.0	right_slow_far	11	373306
755.17	4.0	down_slow_far	3	377585
766.298	4.0	down_fast_near	2	383149
771.252	4.0	right_fast_near	10	385626
778.526	4.0	right_fast_near	10	389263
783.466	4.0	down_fast_near	2	391733
790.656	4.0	left_fast_near	6	395328
795.81	4.0	up_fast_near	14	397905
802.784	4.0	up_fast_far	13	401392
808.89	4.0	left_fast_far	5	404445
816.964	4.0	left_slow_far	7	408482
832.38	4.0	right_slow_near	12	416190
838.402	4.0	down_slow_near	4	419201
847.244	4.0	down_slow_near	4	423622
853.468	4.0	right_slow_near	12	426734
879.852	4.0	down_slow_near	4	439926
886.494	4.0	right_slow_near	12	443247
895.718	4.0	right_slow_far	11	447859
904.728	4.0	down_slow_far	3	452364
916.088	4.0	right_fast_near	10	458044
921.06	4.0	down_fast_near	2	460530
928.552	4.0	down_fast_near	2	464276
933.856	4.0	right_fast_near	10	466928
941.014	4.0	up_fast_near	14	470507
946.336	4.0	left_fast_near	6	473168
953.426	4.0	left_fast_far	5	476713
959.282	4.0	up_fast_far	13	479641
967.49	4.0	right_fast_far	9	483745
973.496	4.0	down_fast_far	1	486748
981.536	4.0	up_fast_far	13	490768
988.294	4.0	left_fast_far	5	494147
995.702	4.0	left_slow_far	7	497851
1004.944	4.0	up_slow_far	15	502472
1016.338	4.0	up_slow_far	15	508169
1025.864	4.0	left_slow_far	7	512932
1036.958	4.0	down_fast_far	1	518479
1043.098	4.0	right_fast_far	9	521549
1051.674	4.0	right_slow_near	12	525837
1058.346	4.0	down_slow_near	4	529173
1067.256	4.0	down_slow_far	3	533628
1075.846	4.0	right_slow_far	11	537923
1086.724	4.0	left_fast_near	6	543362
1091.712	4.0	up_fast_near	14	545856
1099.154	4.0	up_slow_near	16	549577
1105.926	4.0	left_slow_near	8	552963
1114.986	4.0	left_slow_near	8	557493
1122.142	4.0	up_slow_near	16	561071
1143.714	4.0	down_slow_near	4	571857
1149.77	4.0	right_slow_near	12	574885
1159.112	4.0	right_slow_far	11	579556
1168.288	4.0	down_slow_far	3	584144
1180.034	4.0	right_fast_near	10	590017
1184.954	4.0	down_fast_near	2	592477
1191.996	4.0	down_fast_near	2	595998
1196.97	4.0	right_fast_near	10	598485
1204.04	4.0	up_fast_near	14	602020
1209.38	4.0	left_fast_near	6	604690
1216.636	4.0	left_fast_far	5	608318
1222.392	4.0	up_fast_far	13	611196
1229.932	4.0	right_fast_far	9	614966
1235.456	4.0	down_fast_far	1	617728
1242.628	4.0	up_fast_far	13	621314
1248.452	4.0	left_fast_far	5	624226
1256.226	4.0	left_slow_far	7	628113
1266.152	4.0	up_slow_far	15	633076
1278.998	4.0	up_slow_far	15	639499
1287.874	4.0	left_slow_far	7	643937
1299.486	4.0	down_fast_far	1	649743
1304.958	4.0	right_fast_far	9	652479
1312.864	4.0	right_slow_near	12	656432
1319.122	4.0	down_slow_near	4	659561
1327.662	4.0	down_slow_far	3	663831
1336.738	4.0	right_slow_far	11	668369
1347.85	4.0	left_fast_near	6	673925
1352.872	4.0	up_fast_near	14	676436
1359.894	4.0	up_slow_near	16	679947
1366.902	4.0	left_slow_near	8	683451
1376.528	4.0	left_slow_near	8	688264
1383.652	4.0	up_slow_near	16	691826
1399.852	4.0	down_slow_near	4	699926
1406.608	4.0	right_slow_near	12	703304
1415.2	4.0	right_slow_far	11	707600
1423.908	4.0	down_slow_far	3	711954
1435.07	4.0	right_fast_near	10	717535
1439.908	4.0	down_fast_near	2	719954
1447.064	4.0	down_fast_near	2	723532
1452.336	4.0	right_fast_near	10	726168
1459.426	4.0	up_fast_near	14	729713
1464.682	4.0	left_fast_near	6	732341
1471.892	4.0	left_fast_far	5	735946
1477.812	4.0	up_fast_far	13	738906
1485.702	4.0	right_fast_far	9	742851
1491.692	4.0	down_fast_far	1	745846
1499.332	4.0	up_fast_far	13	749666
1505.238	4.0	left_fast_far	5	752619
1512.846	4.0	left_slow_far	7	756423
1522.158	4.0	up_slow_far	15	761079
1534.168	4.0	up_slow_far	15	767084
1542.792	4.0	left_slow_far	7	771396
1555.272	4.0	down_fast_far	1	777636
1560.66	4.0	right_fast_far	9	780330
1567.618	4.0	right_slow_near	12	783809
1573.874	4.0	down_slow_near	4	786937
1582.098	4.0	down_slow_far	3	791049
1591.34	4.0	right_slow_far	11	795670
1602.452	4.0	left_fast_near	6	801226
1607.424	4.0	up_fast_near	14	803712
1614.314	4.0	up_slow_near	16	807157
1621.004	4.0	left_slow_near	8	810502
1629.362	4.0	left_slow_near	8	814681
1635.952	4.0	up_slow_near	16	817976
1657.204	4.0	left_slow_near	8	828602
1663.96	4.0	up_slow_near	16	831980
1672.234	4.0	right_fast_far	9	836117
1678.742	4.0	down_fast_far	1	839371
1686.984	4.0	down_fast_near	2	843492
1692.038	4.0	right_fast_near	10	846019
1699.062	4.0	right_slow_far	11	849531
1708.738	4.0	down_slow_far	3	854369
1720.634	4.0	down_fast_far	1	860317
1726.606	4.0	right_fast_far	9	863303
1734.18	4.0	up_fast_far	13	867090
1739.952	4.0	left_fast_far	5	869976
1747.642	4.0	up_slow_far	15	873821
1757.238	4.0	left_slow_far	7	878619
1768.83	4.0	right_fast_near	10	884415
1773.952	4.0	down_fast_near	2	886976
1781.126	4.0	down_slow_near	4	890563
1787.816	4.0	right_slow_near	12	893908
1796.474	4.0	up_slow_near	16	898237
1803.398	4.0	left_slow_near	8	901699
1812.924	4.0	left_fast_near	6	906462
1817.864	4.0	up_fast_near	14	908932
1824.67	4.0	down_slow_far	3	912335
1834.146	4.0	right_slow_far	11	917073
1845.456	4.0	up_fast_near	14	922728
1850.444	4.0	left_fast_near	6	925222
1857.302	4.0	left_slow_far	7	928651
1872.716	4.0	right_slow_near	12	936358
1878.772	4.0	down_slow_near	4	939386
1887.718	4.0	left_fast_far	5	943859
1893.32	4.0	up_fast_far	13	946660
1912.372	4.0	left_slow_near	8	956186
1919.18	4.0	up_slow_near	16	959590
1928.438	4.0	right_fast_far	9	964219
1934.194	4.0	down_fast_far	1	967097
1942.236	4.0	down_fast_near	2	971118
1947.174	4.0	right_fast_near	10	973587
1954.148	4.0	right_slow_far	11	977074
1963.406	4.0	down_slow_far	3	981703
1974.1	4.0	down_fast_far	1	987050
1979.99	4.0	right_fast_far	9	989995
1987.982	4.0	up_fast_far	13	993991
1993.954	4.0	left_fast_far	5	996977
2001.812	4.0	up_slow_far	15	1000906
2012.022	4.0	left_slow_far	7	1006011
2023.332	4.0	right_fast_near	10	1011666
2028.22	4.0	down_fast_near	2	1014110
2035.144	4.0	down_slow_near	4	1017572
2041.984	4.0	right_slow_near	12	1020992
2051.844	4.0	up_slow_near	16	1025922
2059.134	4.0	left_slow_near	8	1029567
2068.994	4.0	left_fast_near	6	1034497
2073.882	4.0	up_fast_near	14	1036941
2081.64	4.0	down_slow_far	3	1040820
2092.434	4.0	right_slow_far	11	1046217
2105.18	4.0	up_fast_near	14	1052590
2109.918	4.0	left_fast_near	6	1054959
2117.242	4.0	left_slow_far	7	1058621
2127.036	4.0	up_slow_far	15	1063518
2138.332	4.0	right_slow_near	12	1069166
2144.87	4.0	down_slow_near	4	1072435
2153.812	4.0	left_fast_far	5	1076906
2159.484	4.0	up_fast_far	13	1079742
2177.102	4.0	left_slow_near	8	1088551
2183.674	4.0	up_slow_near	16	1091837
2192.816	4.0	right_fast_far	9	1096408
2198.472	4.0	down_fast_far	1	1099236
2206.248	4.0	down_fast_near	2	1103124
2211.086	4.0	right_fast_near	10	1105543
2218.126	4.0	right_slow_far	11	1109063
2227.434	4.0	down_slow_far	3	1113717
2239.23	4.0	down_fast_far	1	1119615
2244.836	4.0	right_fast_far	9	1122418
2252.46	4.0	up_fast_far	13	1126230
2258.8	4.0	left_fast_far	5	1129400
2266.924	4.0	up_slow_far	15	1133462
2278.034	4.0	left_slow_far	7	1139017
2290.764	4.0	right_fast_near	10	1145382
2295.652	4.0	down_fast_near	2	1147826
2302.594	4.0	down_slow_near	4	1151297
2309.332	4.0	right_slow_near	12	1154666
2319.192	4.0	up_slow_near	16	1159596
2326.952	4.0	left_slow_near	8	1163476
2336.342	4.0	left_fast_near	6	1168171
2341.566	4.0	up_fast_near	14	1170783
2349.104	4.0	down_slow_far	3	1174552
2358.848	4.0	right_slow_far	11	1179424
2371.66	4.0	up_fast_near	14	1185830
2377.016	4.0	left_fast_near	6	1188508
2384.508	4.0	left_slow_far	7	1192254
2399.922	4.0	right_slow_near	12	1199961
2406.362	4.0	down_slow_near	4	1203181
2414.704	4.0	left_fast_far	5	1207352
2440.93	4.0	down_slow_near	4	1220465
2447.57	4.0	right_slow_near	12	1223785
2456.178	4.0	left_fast_far	5	1228089
2461.734	4.0	up_fast_far	13	1230867
2469.844	4.0	up_fast_near	14	1234922
2474.948	4.0	left_fast_near	6	1237474
2482.038	4.0	down_fast_far	1	1241019
2487.96	4.0	right_fast_far	9	1243980
2495.734	4.0	right_fast_far	9	1247867
2501.84	4.0	down_fast_far	1	1250920
2508.948	4.0	up_slow_far	15	1254474
2518.958	4.0	left_slow_far	7	1259479
2530.752	4.0	left_fast_near	6	1265376
2535.842	4.0	up_fast_near	14	1267921
2542.898	4.0	up_fast_far	13	1271449
2549.004	4.0	left_fast_far	5	1274502
2557.028	4.0	left_slow_near	8	1278514
2564.32	4.0	up_slow_near	16	1282160
2572.978	4.0	left_slow_far	7	1286489
2582.538	4.0	up_slow_far	15	1291269
2594.382	4.0	down_slow_far	3	1297191
2604.058	4.0	right_slow_far	11	1302029
2616.02	4.0	right_slow_near	12	1308010
2622.628	4.0	down_slow_near	4	1311314
2631.736	4.0	up_slow_near	16	1315868
2638.71	4.0	left_slow_near	8	1319355
2647.818	4.0	down_fast_near	2	1323909
2652.59	4.0	right_fast_near	10	1326295
2659.864	4.0	right_slow_far	11	1329932
2668.84	4.0	down_slow_far	3	1334420
2679.818	4.0	right_fast_near	10	1339909
2684.922	4.0	down_fast_near	2	1342461
2699.654	4.0	down_slow_near	4	1349827
2705.976	4.0	right_slow_near	12	1352988
2714.718	4.0	left_fast_far	5	1357359
2720.224	4.0	up_fast_far	13	1360112
2728.182	4.0	up_fast_near	14	1364091
2733.236	4.0	left_fast_near	6	1366618
2740.176	4.0	down_fast_far	1	1370088
2745.782	4.0	right_fast_far	9	1372891
2753.606	4.0	right_fast_far	9	1376803
2759.212	4.0	down_fast_far	1	1379606
2767.188	4.0	up_slow_far	15	1383594
2777.164	4.0	left_slow_far	7	1388582
2788.758	4.0	left_fast_near	6	1394379
2793.73	4.0	up_fast_near	14	1396865
2800.97	4.0	up_fast_far	13	1400485
2806.91	4.0	left_fast_far	5	1403455
2814.1	4.0	left_slow_near	8	1407050
2821.206	4.0	up_slow_near	16	1410603
2830.198	4.0	left_slow_far	7	1415099
2839.808	4.0	up_slow_far	15	1419904
2852.504	4.0	down_slow_far	3	1426252
2861.464	4.0	right_slow_far	11	1430732
2873.058	4.0	right_slow_near	12	1436529
2879.464	4.0	down_slow_near	4	1439732
2888.19	4.0	up_slow_near	16	1444095
2894.996	4.0	left_slow_near	8	1447498
2903.972	4.0	down_fast_near	2	1451986
2908.66	4.0	right_fast_near	10	1454330
2915.416	4.0	right_slow_far	11	1457708
2924.376	4.0	down_slow_far	3	1462188
2935.488	4.0	right_fast_near	10	1467744
2940.324	4.0	down_fast_near	2	1470162
2954.388	4.0	down_slow_near	4	1477194
2961.28	4.0	right_slow_near	12	1480640
2970.454	4.0	left_fast_far	5	1485227
2976.36	4.0	up_fast_far	13	1488180
2984.97	4.0	up_fast_near	14	1492485
2989.99	4.0	left_fast_near	6	1494995
2996.48	4.0	down_fast_far	1	1498240
3002.738	4.0	right_fast_far	9	1501369
3011.012	4.0	right_fast_far	9	1505506
3017.368	4.0	down_fast_far	1	1508684
3026.026	4.0	up_slow_far	15	1513013
3036.57	4.0	left_slow_far	7	1518285
3048.582	4.0	left_fast_near	6	1524291
3053.404	4.0	up_fast_near	14	1526702
3060.578	4.0	up_fast_far	13	1530289
3066.316	4.0	left_fast_far	5	1533158
3074.174	4.0	left_slow_near	8	1537087
3081.482	4.0	up_slow_near	16	1540741
3091.342	4.0	left_slow_far	7	1545671
3100.634	4.0	up_slow_far	15	1550317
3112.146	4.0	down_slow_far	3	1556073
3121.838	4.0	right_slow_far	11	1560919
3133.382	4.0	right_slow_near	12	1566691
3139.572	4.0	down_slow_near	4	1569786
3147.98	4.0	up_slow_near	16	1573990
3155.322	4.0	left_slow_near	8	1577661
3164.498	4.0	down_fast_near	2	1582249
3169.236	4.0	right_fast_near	10	1584618
3175.692	4.0	right_slow_far	11	1587846
3184.85	4.0	down_slow_far	3	1592425
3197.164	4.0	right_fast_near	10	1598582
3202.234	4.0	down_fast_near	2	1601117
3220.056	4.0	right_slow_far	11	1610028
3229.366	4.0	down_slow_far	3	1614683
3240.61	4.0	left_fast_far	5	1620305
3254.424	4.0	down_fast_far	1	1627212
3260.462	4.0	right_fast_far	9	1630231
3268.238	4.0	left_slow_near	8	1634119
3275.428	4.0	up_slow_near	16	1637714
3284.77	4.0	down_slow_far	3	1642385
3293.478	4.0	right_slow_far	11	1646739
3304.79	4.0	up_slow_near	16	1652395
3312.064	4.0	left_slow_near	8	1656032
3321.624	4.0	down_slow_near	4	1660812
3328.814	4.0	right_slow_near	12	1664407
3337.922	4.0	up_fast_near	14	1668961
3342.81	4.0	left_fast_near	6	1671405
3349.334	4.0	up_fast_far	13	1674667
3355.824	4.0	left_fast_far	5	1677912
3363.798	4.0	right_slow_near	12	1681899
3371.222	4.0	down_slow_near	4	1685611
3380.798	4.0	left_slow_far	7	1690399
3396.214	4.0	left_fast_near	6	1698107
3401.018	4.0	up_fast_near	14	1700509
3408.142	4.0	up_slow_far	15	1704071
3417.852	4.0	left_slow_far	7	1708926
3429.196	4.0	right_fast_far	9	1714598
3435.186	4.0	down_fast_far	1	1717593
3443.844	4.0	down_fast_near	2	1721922
3448.882	4.0	right_fast_near	10	1724441
3456.174	4.0	right_fast_near	10	1728087
3461.412	4.0	down_fast_near	2	1730706
3476.36	4.0	right_slow_far	11	1738180
3485.286	4.0	down_slow_far	3	1742643
3496.564	4.0	left_fast_far	5	1748282
3502.202	4.0	up_fast_far	13	1751101
3510.728	4.0	down_fast_far	1	1755364
3516.616	4.0	right_fast_far	9	1758308
3524.39	4.0	left_slow_near	8	1762195
3531.498	4.0	up_slow_near	16	1765749
3540.94	4.0	down_slow_far	3	1770470
3550.566	4.0	right_slow_far	11	1775283
3562.044	4.0	up_slow_near	16	1781022
3568.818	4.0	left_slow_near	8	1784409
3577.71	4.0	down_slow_near	4	1788855
3584.55	4.0	right_slow_near	12	1792275
3594.06	4.0	up_fast_near	14	1797030
3599.382	4.0	left_fast_near	6	1799691
3606.788	4.0	up_fast_far	13	1803394
3613.596	4.0	left_fast_far	5	1806798
3622.622	4.0	right_slow_near	12	1811311
3629.878	4.0	down_slow_near	4	1814939
3639.822	4.0	left_slow_far	7	1819911
3655.238	4.0	left_fast_near	6	1827619
3659.892	4.0	up_fast_near	14	1829946
3666.832	4.0	up_slow_far	15	1833416
3676.224	4.0	left_slow_far	7	1838112
3687.77	4.0	right_fast_far	9	1843885
3693.674	4.0	down_fast_far	1	1846837
3702.5	4.0	down_fast_near	2	1851250
3708.04	4.0	right_fast_near	10	1854020
3715.614	4.0	right_fast_near	10	1857807
3721.252	4.0	down_fast_near	2	1860626
3810.224	4.0	right_slow_far	11	1905112
3819.066	4.0	down_slow_far	3	1909533
3830.51	4.0	left_fast_far	5	1915255
3836.65	4.0	up_fast_far	13	1918325
3845.808	4.0	down_fast_far	1	1922904
3852.682	4.0	right_fast_far	9	1926341
3861.09	4.0	left_slow_near	8	1930545
3868.632	4.0	up_slow_near	16	1934316
3878.758	4.0	down_slow_far	3	1939379
3888.05	4.0	right_slow_far	11	1944025
3899.612	4.0	up_slow_near	16	1949806
3906.118	4.0	left_slow_near	8	1953059
3915.562	4.0	down_slow_near	4	1957781
3922.452	4.0	right_slow_near	12	1961226
3931.144	4.0	up_fast_near	14	1965572
3935.964	4.0	left_fast_near	6	1967982
3943.64	4.0	up_fast_far	13	1971820
3949.912	4.0	left_fast_far	5	1974956
3958.036	4.0	right_slow_near	12	1979018
3965.244	4.0	down_slow_near	4	1982622
3975.07	4.0	left_slow_far	7	1987535
3984.364	4.0	up_slow_far	15	1992182
3996.624	4.0	left_fast_near	6	1998312
4001.846	4.0	up_fast_near	14	2000923
4009.388	4.0	up_slow_far	15	2004694
4018.964	4.0	left_slow_far	7	2009482
4030.024	4.0	right_fast_far	9	2015012
4036.216	4.0	down_fast_far	1	2018108
4044.756	4.0	down_fast_near	2	2022378
4049.928	4.0	right_fast_near	10	2024964
4057.318	4.0	right_fast_near	10	2028659
4062.606	4.0	down_fast_near	2	2031303
4090.712	4.0	down_fast_near	2	2045356
4094.498	4.0	right_fast_near	10	2047249
4101.456	4.0	right_fast_near	10	2050728
4106.344	4.0	down_fast_near	2	2053172
4113.368	4.0	down_slow_far	3	2056684
4122.51	4.0	right_slow_far	11	2061255
4133.07	4.0	up_fast_far	13	2066535
4139.294	4.0	left_fast_far	5	2069647
4147.568	4.0	down_fast_far	1	2073784
4153.758	4.0	right_fast_far	9	2076879
4161.582	4.0	left_slow_near	8	2080791
4168.588	4.0	up_slow_near	16	2084294
4177.448	4.0	up_slow_far	15	2088724
4187.24	4.0	left_slow_far	7	2093620
4198.686	4.0	left_fast_near	6	2099343
4203.808	4.0	up_fast_near	14	2101904
4210.964	4.0	right_slow_near	12	2105482
4217.938	4.0	down_slow_near	4	2108969
4225.012	4.0	right_slow_far	11	2112506
4233.938	4.0	down_slow_far	3	2116969
4244.964	4.0	down_slow_near	4	2122482
4252.356	4.0	right_slow_near	12	2126178
4261.048	4.0	up_slow_near	16	2130524
4268.472	4.0	left_slow_near	8	2134236
4277.998	4.0	left_fast_far	5	2138999
4283.82	4.0	up_fast_far	13	2141910
4292.294	4.0	right_fast_far	9	2146147
4298.134	4.0	down_fast_far	1	2149067
4306.292	4.0	left_slow_far	7	2153146
4316.134	4.0	up_slow_far	15	2158067
4327.896	4.0	up_fast_near	14	2163948
4332.918	4.0	left_fast_near	6	2166459
4344.68	4.0	down_fast_near	2	2172340
4349.502	4.0	right_fast_near	10	2174751
4356.608	4.0	right_fast_near	10	2178304
4361.714	4.0	down_fast_near	2	2180857
4368.788	4.0	down_slow_far	3	2184394
4377.88	4.0	right_slow_far	11	2188940
4389.44	4.0	up_fast_far	13	2194720
4395.13	4.0	left_fast_far	5	2197565
4402.654	4.0	down_fast_far	1	2201327
4408.46	4.0	right_fast_far	9	2204230
4416.068	4.0	left_slow_near	8	2208034
4423.542	4.0	up_slow_near	16	2211771
4432.984	4.0	up_slow_far	15	2216492
4442.244	4.0	left_slow_far	7	2221122
4453.854	4.0	left_fast_near	6	2226927
4458.876	4.0	up_fast_near	14	2229438
4466.184	4.0	right_slow_near	12	2233092
4473.024	4.0	down_slow_near	4	2236512
4482.216	4.0	right_slow_far	11	2241108
4491.142	4.0	down_slow_far	3	2245571
4502.72	4.0	down_slow_near	4	2251360
4509.56	4.0	right_slow_near	12	2254780
4518.952	4.0	up_slow_near	16	2259476
4525.928	4.0	left_slow_near	8	2262964
4534.584	4.0	left_fast_far	5	2267292
4540.206	4.0	up_fast_far	13	2270103
4548.248	4.0	right_fast_far	9	2274124
4554.27	4.0	down_fast_far	1	2277135
4563.03	4.0	left_slow_far	7	2281515
4572.638	4.0	up_slow_far	15	2286319
4584.234	4.0	up_fast_near	14	2292117
4589.456	4.0	left_fast_near	6	2294728
4601.534	4.0	down_fast_near	2	2300767
4606.322	4.0	right_fast_near	10	2303161
4613.28	4.0	right_fast_near	10	2306640
4618.518	4.0	down_fast_near	2	2309259
4625.21	4.0	down_slow_far	3	2312605
4634.868	4.0	right_slow_far	11	2317434
4646.596	4.0	up_fast_far	13	2323298
4652.902	4.0	left_fast_far	5	2326451
4660.526	4.0	down_fast_far	1	2330263
4666.298	4.0	right_fast_far	9	2333149
4674.306	4.0	left_slow_near	8	2337153
4681.214	4.0	up_slow_near	16	2340607
4690.022	4.0	up_slow_far	15	2345011
4698.98	4.0	left_slow_far	7	2349490
4710.176	4.0	left_fast_near	6	2355088
4715.196	4.0	up_fast_near	14	2357598
4722.438	4.0	right_slow_near	12	2361219
4729.16	4.0	down_slow_near	4	2364580
4738.052	4.0	right_slow_far	11	2369026
4746.862	4.0	down_slow_far	3	2373431
4758.256	4.0	down_slow_near	4	2379128
4764.862	4.0	right_slow_near	12	2382431
4773.574	4.0	up_slow_near	16	2386787
4780.844	4.0	left_slow_near	8	2390422
4789.738	4.0	left_fast_far	5	2394869
4803.55	4.0	right_fast_far	9	2401775
4809.424	4.0	down_fast_far	1	2404712
4817.748	4.0	left_slow_far	7	2408874
4827.09	4.0	up_slow_far	15	2413545
4838.752	4.0	up_fast_near	14	2419376
4844.424	4.0	left_fast_near	6	2422212
4865.37	4.0	left_fast_near	6	2432685
4870.424	4.0	up_fast_near	14	2435212
4877.58	4.0	right_slow_near	12	2438790
4884.286	4.0	down_slow_near	4	2442143
4892.946	4.0	right_fast_far	9	2446473
4898.834	4.0	down_fast_far	1	2449417
4907.528	4.0	down_slow_near	4	2453764
4914.334	4.0	right_slow_near	12	2457167
4922.61	4.0	up_fast_near	14	2461305
4928.08	4.0	left_fast_near	6	2464040
4935.538	4.0	down_fast_far	1	2467769
4942.26	4.0	right_fast_far	9	2471130
4950.502	4.0	right_fast_near	10	2475251
4955.558	4.0	down_fast_near	2	2477779
4962.448	4.0	down_slow_far	3	2481224
4971.59	4.0	right_slow_far	11	2485795
4982.534	4.0	left_fast_far	5	2491267
4988.474	4.0	up_fast_far	13	2494237
4996.898	4.0	right_slow_far	11	2498449
5006.742	4.0	down_slow_far	3	2503371
5018.436	4.0	down_fast_near	2	2509218
5023.542	4.0	right_fast_near	10	2511771
5030.598	4.0	up_fast_far	13	2515299
5036.338	4.0	left_fast_far	5	2518169
5044.228	4.0	up_slow_near	16	2522114
5051.068	4.0	left_slow_near	8	2525534
5059.944	4.0	left_slow_near	8	2529972
5066.7	4.0	up_slow_near	16	2533350
5075.894	4.0	left_slow_far	7	2537947
5085.52	4.0	up_slow_far	15	2542760
5098.166	4.0	up_slow_far	15	2549083
5107.474	4.0	left_slow_far	7	2553737
5123.006	4.0	left_fast_near	6	2561503
5127.694	4.0	up_fast_near	14	2563847
5134.568	4.0	right_slow_near	12	2567284
5141.208	4.0	down_slow_near	4	2570604
5149.682	4.0	right_fast_far	9	2574841
5155.79	4.0	down_fast_far	1	2577895
5164.148	4.0	down_slow_near	4	2582074
5171.12	4.0	right_slow_near	12	2585560
5180.214	4.0	up_fast_near	14	2590107
5185.418	4.0	left_fast_near	6	2592709
5192.692	4.0	down_fast_far	1	2596346
5198.914	4.0	right_fast_far	9	2599457
5206.69	4.0	right_fast_near	10	2603345
5211.712	4.0	down_fast_near	2	2605856
5219.202	4.0	down_slow_far	3	2609601
5228.46	4.0	right_slow_far	11	2614230
5239.272	4.0	left_fast_far	5	2619636
5253.086	4.0	right_slow_far	11	2626543
5262.444	4.0	down_slow_far	3	2631222
5273.972	4.0	down_fast_near	2	2636986
5278.994	4.0	right_fast_near	10	2639497
5286.168	4.0	up_fast_far	13	2643084
5289.22	4.0	left_fast_far	5	2644610
5297.58	4.0	up_slow_near	16	2648790
5304.336	4.0	left_slow_near	8	2652168
5313.028	4.0	left_slow_near	8	2656514
5319.534	4.0	up_slow_near	16	2659767
5328.494	4.0	left_slow_far	7	2664247
5337.536	4.0	up_slow_far	15	2668768
5349.214	4.0	up_slow_far	15	2674607
5358.974	4.0	left_slow_far	7	2679487
5375.74	4.0	left_fast_near	6	2687870
5380.578	4.0	up_fast_near	14	2690289
5387.368	4.0	right_slow_near	12	2693684
5393.708	4.0	down_slow_near	4	2696854
5402.616	4.0	right_fast_far	9	2701308
5407.772	4.0	down_fast_far	1	2703886
5415.546	4.0	down_slow_near	4	2707773
5421.802	4.0	right_slow_near	12	2710901
5429.876	4.0	up_fast_near	14	2714938
5434.848	4.0	left_fast_near	6	2717424
5442.088	4.0	down_fast_far	1	2721044
5448.062	4.0	right_fast_far	9	2724031
5455.636	4.0	right_fast_near	10	2727818
5460.608	4.0	down_fast_near	2	2730304
5467.564	4.0	down_slow_far	3	2733782
5476.974	4.0	right_slow_far	11	2738487
5488.334	4.0	left_fast_far	5	2744167
5494.224	4.0	up_fast_far	13	2747112
5502.682	4.0	right_slow_far	11	2751341
5512.926	4.0	down_slow_far	3	2756463
5524.486	4.0	down_fast_near	2	2762243
5529.426	4.0	right_fast_near	10	2764713
5536.75	4.0	up_fast_far	13	2768375
5542.938	4.0	left_fast_far	5	2771469
5551.13	4.0	up_slow_near	16	2775565
5558.304	4.0	left_slow_near	8	2779152
5567.696	4.0	left_slow_near	8	2783848
5573.552	4.0	up_slow_near	16	2786776
5582.894	4.0	left_slow_far	7	2791447
5592.622	4.0	up_slow_far	15	2796311
5604.884	4.0	up_slow_far	15	2802442
5613.858	4.0	left_slow_far	7	2806929
5649.192	4.0	up_fast_far	13	2824596
5654.998	4.0	left_fast_far	5	2827499
5662.906	4.0	right_fast_near	10	2831453
5668.012	4.0	down_fast_near	2	2834006
5675.184	4.0	left_fast_far	5	2837592
5680.89	4.0	up_fast_far	13	2840445
5689.014	4.0	right_slow_near	12	2844507
5696.14	4.0	down_slow_near	4	2848070
5705.816	4.0	left_fast_near	6	2852908
5710.754	4.0	up_fast_near	14	2855377
5717.994	4.0	down_fast_near	2	2858997
5723.266	4.0	right_fast_near	10	2861633
5730.34	4.0	down_fast_far	1	2865170
5736.396	4.0	right_fast_far	9	2868198
5744.286	4.0	up_slow_near	16	2872143
5751.112	4.0	left_slow_near	8	2875556
5760.452	4.0	left_slow_far	7	2880226
5769.596	4.0	up_slow_far	15	2884798
5781.19	4.0	down_slow_far	3	2890595
5790.582	4.0	right_slow_far	11	2895291
5801.594	4.0	down_slow_near	4	2900797
5808.818	4.0	right_slow_near	12	2904409
5817.792	4.0	right_fast_far	9	2908896
5823.498	4.0	down_fast_far	1	2911749
5831.506	4.0	up_fast_near	14	2915753
5836.862	4.0	left_fast_near	6	2918431
5844.018	4.0	up_slow_far	15	2922009
5854.564	4.0	left_slow_far	7	2927282
5865.506	4.0	right_slow_far	11	2932753
5875.016	4.0	down_slow_far	3	2937508
5886.828	4.0	left_slow_near	8	2943414
5893.384	4.0	up_slow_near	16	2946692
5907.366	4.0	up_fast_far	13	2953683
5913.572	4.0	left_fast_far	5	2956786
5922.212	4.0	right_fast_near	10	2961106
5927.318	4.0	down_fast_near	2	2963659
5934.476	4.0	left_fast_far	5	2967238
5940.214	4.0	up_fast_far	13	2970107
5948.44	4.0	right_slow_near	12	2974220
5954.912	4.0	down_slow_near	4	2977456
5963.738	4.0	left_fast_near	6	2981869
5968.708	4.0	up_fast_near	14	2984354
5976.066	4.0	down_fast_near	2	2988033
5981.222	4.0	right_fast_near	10	2990611
5988.378	4.0	down_fast_far	1	2994189
5994.302	4.0	right_fast_far	9	2997151
6002.376	4.0	up_slow_near	16	3001188
6009.85	4.0	left_slow_near	8	3004925
6018.876	4.0	left_slow_far	7	3009438
6027.468	4.0	up_slow_far	15	3013734
6039.396	4.0	down_slow_far	3	3019698
6048.454	4.0	right_slow_far	11	3024227
6059.516	4.0	down_slow_near	4	3029758
6066.306	4.0	right_slow_near	12	3033153
6075.18	4.0	right_fast_far	9	3037590
6081.186	4.0	down_fast_far	1	3040593
6088.712	4.0	up_fast_near	14	3044356
6093.916	4.0	left_fast_near	6	3046958
6101.274	4.0	up_slow_far	15	3050637
6111.116	4.0	left_slow_far	7	3055558
6122.996	4.0	right_slow_far	11	3061498
6131.838	4.0	down_slow_far	3	3065919
6142.932	4.0	left_slow_near	8	3071466
6149.704	4.0	up_slow_near	16	3074852
6165.47	4.0	up_fast_far	13	3082735
6171.142	4.0	left_fast_far	5	3085571
6179.168	4.0	right_fast_near	10	3089584
6184.606	4.0	down_fast_near	2	3092303
6192.046	4.0	left_fast_far	5	3096023
6198.202	4.0	up_fast_far	13	3099101
6206.762	4.0	right_slow_near	12	3103381
6213.65	4.0	down_slow_near	4	3106825
6223.094	4.0	left_fast_near	6	3111547
6228.332	4.0	up_fast_near	14	3114166
6235.556	4.0	down_fast_near	2	3117778
6240.628	4.0	right_fast_near	10	3120314
6247.734	4.0	down_fast_far	1	3123867
6253.824	4.0	right_fast_far	9	3126912
6261.532	4.0	up_slow_near	16	3130766
6268.138	4.0	left_slow_near	8	3134069
6276.948	4.0	left_slow_far	7	3138474
6285.572	4.0	up_slow_far	15	3142786
6296.6	4.0	down_slow_far	3	3148300
6305.576	4.0	right_slow_far	11	3152788
6316.254	4.0	down_slow_near	4	3158127
6323.06	4.0	right_slow_near	12	3161530
6331.668	4.0	right_fast_far	9	3165834
6337.642	4.0	down_fast_far	1	3168821
6345.882	4.0	up_fast_near	14	3172941
6350.99	4.0	left_fast_near	6	3175495
6357.978	4.0	up_slow_far	15	3178989
6368.104	4.0	left_slow_far	7	3184052
6380.366	4.0	right_slow_far	11	3190183
6389.376	4.0	down_slow_far	3	3194688
6400.654	4.0	left_slow_near	8	3200327
6407.326	4.0	up_slow_near	16	3203663
6431.902	4.0	right_slow_far	11	3215951
6440.658	4.0	down_slow_far	3	3220329
6452.22	4.0	down_slow_near	4	3226110
6459.076	4.0	right_slow_near	12	3229538
6467.634	4.0	up_slow_far	15	3233817
6477.228	4.0	left_slow_far	7	3238614
6488.822	4.0	up_slow_near	16	3244411
6495.88	4.0	left_slow_near	8	3247940
6505.038	4.0	right_slow_near	12	3252519
6511.846	4.0	down_slow_near	4	3255923
6521.154	4.0	left_fast_far	5	3260577
6527.31	4.0	up_fast_far	13	3263655
6535.586	4.0	left_slow_near	8	3267793
6542.626	4.0	up_slow_near	16	3271313
6551.952	4.0	right_fast_near	10	3275976
6557.024	4.0	down_fast_near	2	3278512
6564.046	4.0	left_fast_near	6	3282023
6569.436	4.0	up_fast_near	14	3284718
6576.842	4.0	up_fast_near	14	3288421
6582.148	4.0	left_fast_near	6	3291074
6589.472	4.0	left_slow_far	7	3294736
6598.782	4.0	up_slow_far	15	3299391
6611.11	4.0	right_fast_far	9	3305555
6616.716	4.0	down_fast_far	1	3308358
6624.49	4.0	up_fast_far	13	3312245
6630.93	4.0	left_fast_far	5	3315465
6638.538	4.0	down_fast_near	2	3319269
6643.776	4.0	right_fast_near	10	3321888
6650.85	4.0	down_fast_far	1	3325425
6656.44	4.0	right_fast_far	9	3328220
6664.062	4.0	down_slow_far	3	3332031
6673.188	4.0	right_slow_far	11	3336594
6689.972	4.0	right_slow_far	11	3344986
6699.364	4.0	down_slow_far	3	3349682
6710.676	4.0	down_slow_near	4	3355338
6716.848	4.0	right_slow_near	12	3358424
6725.924	4.0	up_slow_far	15	3362962
6734.682	4.0	left_slow_far	7	3367341
6746.544	4.0	up_slow_near	16	3373272
6753.618	4.0	left_slow_near	8	3376809
6762.744	4.0	right_slow_near	12	3381372
6769.75	4.0	down_slow_near	4	3384875
6778.526	4.0	left_fast_far	5	3389263
6784.348	4.0	up_fast_far	13	3392174
6792.29	4.0	left_slow_near	8	3396145
6799.262	4.0	up_slow_near	16	3399631
6808.206	4.0	right_fast_near	10	3404103
6813.126	4.0	down_fast_near	2	3406563
6820.268	4.0	left_fast_near	6	3410134
6825.356	4.0	up_fast_near	14	3412678
6832.712	4.0	up_fast_near	14	3416356
6838.104	4.0	left_fast_near	6	3419052
6845.542	4.0	left_slow_far	7	3422771
6855.636	4.0	up_slow_far	15	3427818
6867.998	4.0	right_fast_far	9	3433999
6874.088	4.0	down_fast_far	1	3437044
6882.162	4.0	up_fast_far	13	3441081
6888.35	4.0	left_fast_far	5	3444175
6896.276	4.0	down_fast_near	2	3448138
6901.298	4.0	right_fast_near	10	3450649
6908.12	4.0	down_fast_far	1	3454060
6914.026	4.0	right_fast_far	9	3457013
6921.7	4.0	down_slow_far	3	3460850
6931.51	4.0	right_slow_far	11	3465755
6952.08	4.0	right_slow_far	11	3476040
6961.09	4.0	down_slow_far	3	3480545
6972.902	4.0	down_slow_near	4	3486451
6979.092	4.0	right_slow_near	12	3489546
6987.782	4.0	up_slow_far	15	3493891
6996.374	4.0	left_slow_far	7	3498187
7007.386	4.0	up_slow_near	16	3503693
7013.992	4.0	left_slow_near	8	3506996
7022.884	4.0	right_slow_near	12	3511442
7029.408	4.0	down_slow_near	4	3514704
7038.55	4.0	left_fast_far	5	3519275
7044.406	4.0	up_fast_far	13	3522203
7052.598	4.0	left_slow_near	8	3526299
7059.738	4.0	up_slow_near	16	3529869
7068.896	4.0	right_fast_near	10	3534448
7074.118	4.0	down_fast_near	2	3537059
7081.692	4.0	left_fast_near	6	3540846
7087.282	4.0	up_fast_near	14	3543641
7095.022	4.0	up_fast_near	14	3547511
7100.628	4.0	left_fast_near	6	3550314
7107.818	4.0	left_slow_far	7	3553909
7118.162	4.0	up_slow_far	15	3559081
7130.642	4.0	right_fast_far	9	3565321
7136.864	4.0	down_fast_far	1	3568432
7145.022	4.0	up_fast_far	13	3572511
7151.444	4.0	left_fast_far	5	3575722
7159.52	4.0	down_fast_near	2	3579760
7164.992	4.0	right_fast_near	10	3582496
7172.732	4.0	down_fast_far	1	3586366
7178.788	4.0	right_fast_far	9	3589394
7187.148	4.0	down_slow_far	3	3593574
7197.106	4.0	right_slow_far	11	3598553
7233.258	4.0	up_fast_far	13	3616629
7239.632	4.0	left_fast_far	5	3619816
7247.306	4.0	left_slow_near	8	3623653
7254.08	4.0	up_slow_near	16	3627040
7263.22	4.0	left_slow_far	7	3631610
7272.698	4.0	up_slow_far	15	3636349
7284.376	4.0	right_slow_far	11	3642188
7293.768	4.0	down_slow_far	3	3646884
7305.414	4.0	down_fast_near	2	3652707
7310.552	4.0	right_fast_near	10	3655276
7317.924	4.0	up_fast_near	14	3658962
7323.38	4.0	left_fast_near	6	3661690
7330.672	4.0	up_slow_far	15	3665336
7340.264	4.0	left_slow_far	7	3670132
7351.608	4.0	right_slow_near	12	3675804
7358.882	4.0	down_slow_near	4	3679441
7367.976	4.0	right_fast_far	9	3683988
7373.998	4.0	down_fast_far	1	3686999
7382.406	4.0	left_fast_far	5	3691203
7388.294	4.0	up_fast_far	13	3694147
7396.486	4.0	down_fast_far	1	3698243
7402.876	4.0	right_fast_far	9	3701438
7410.934	4.0	left_fast_near	6	3705467
7416.356	4.0	up_fast_near	14	3708178
7424.364	4.0	right_fast_near	10	3712182
7430.354	4.0	down_fast_near	2	3715177
7438.462	4.0	down_slow_near	4	3719231
7446.552	4.0	right_slow_near	12	3723276
7455.946	4.0	down_slow_far	3	3727973
7464.904	4.0	right_slow_far	11	3732452
7476.266	4.0	up_slow_near	16	3738133
7484.24	4.0	left_slow_near	8	3742120
7500.856	4.0	up_fast_far	13	3750428
7507.13	4.0	left_fast_far	5	3753565
7515.37	4.0	left_slow_near	8	3757685
7522.794	4.0	up_slow_near	16	3761397
7533.022	4.0	left_slow_far	7	3766511
7543.032	4.0	up_slow_far	15	3771516
7555.878	4.0	right_slow_far	11	3777939
7565.938	4.0	down_slow_far	3	3782969
7578.766	4.0	down_fast_near	2	3789383
7584.208	4.0	right_fast_near	10	3792104
7591.53	4.0	up_fast_near	14	3795765
7596.868	4.0	left_fast_near	6	3798434
7604.36	4.0	up_slow_far	15	3802180
7614.302	4.0	left_slow_far	7	3807151
7626.514	4.0	right_slow_near	12	3813257
7634.022	4.0	down_slow_near	4	3817011
7644.032	4.0	right_fast_far	9	3822016
7650.772	4.0	down_fast_far	1	3825386
7659.346	4.0	left_fast_far	5	3829673
7665.62	4.0	up_fast_far	13	3832810
7674.044	4.0	down_fast_far	1	3837022
7680.468	4.0	right_fast_far	9	3840234
7689.01	4.0	left_fast_near	6	3844505
7694.564	4.0	up_fast_near	14	3847282
7701.856	4.0	right_fast_near	10	3850928
7707.244	4.0	down_fast_near	2	3853622
7714.484	4.0	down_slow_near	4	3857242
7721.742	4.0	right_slow_near	12	3860871
7731.318	4.0	down_slow_far	3	3865659
7739.192	4.0	right_slow_far	11	3869596
7750.436	4.0	up_slow_near	16	3875218
7757.276	4.0	left_slow_near	8	3878638
7770.206	4.0	up_fast_far	13	3885103
7775.812	4.0	left_fast_far	5	3887906
7783.504	4.0	left_slow_near	8	3891752
7790.762	4.0	up_slow_near	16	3895381
7800.42	4.0	left_slow_far	7	3900210
7810.664	4.0	up_slow_far	15	3905332
7822.842	4.0	right_slow_far	11	3911421
7832.268	4.0	down_slow_far	3	3916134
7844.864	4.0	down_fast_near	2	3922432
7850.052	4.0	right_fast_near	10	3925026
7857.426	4.0	up_fast_near	14	3928713
7863.182	4.0	left_fast_near	6	3931591
7870.956	4.0	up_slow_far	15	3935478
7880.632	4.0	left_slow_far	7	3940316
7892.46	4.0	right_slow_near	12	3946230
7899.286	4.0	down_slow_near	4	3949643
7908.61	4.0	right_fast_far	9	3954305
7914.832	4.0	down_fast_far	1	3957416
7923.274	4.0	left_fast_far	5	3961637
7937.088	4.0	down_fast_far	1	3968544
7940.374	4.0	right_fast_far	9	3970187
7948.2	4.0	left_fast_near	6	3974100
7953.438	4.0	up_fast_near	14	3976719
7960.928	4.0	right_fast_near	10	3980464
7966.518	4.0	down_fast_near	2	3983259
7973.674	4.0	down_slow_near	4	3986837
7981.098	4.0	right_slow_near	12	3990549
7990.508	4.0	down_slow_far	3	3995254
8000.434	4.0	right_slow_far	11	4000217
8011.696	4.0	up_slow_near	16	4005848
8018.436	4.0	left_slow_near	8	4009218
